{"cameraMode":{"drawMode":0,"name":"Shaded","section":"Shading Mode"},"sceneLighting":true,"audioPlay":false,"sceneViewState":{"showFog":true,"showMaterialUpdate":false,"showSkybox":true,"showFlares":true,"showImageEffects":true,"showParticleSystems":true},"in2DMode":false,"pivot":{"x":3.339672803878784,"y":-0.41942375898361208,"z":1.8086827993392945},"rotation":{"x":-0.0811961218714714,"y":0.8579316735267639,"z":-0.14312611520290376,"w":-0.48675715923309328},"size":3.5620388984680177,"orthographic":true}